{"count":1,"self":51.2388832,"total":189.85567469999998,"children":{"InitializeActuators":{"count":1,"self":0.0019946,"total":0.0019946,"children":null},"InitializeSensors":{"count":1,"self":0.0019947,"total":0.0019947,"children":null},"AgentSendState":{"count":98951,"self":0.56778149999999994,"total":1.3714921999999998,"children":{"CollectObservations":{"count":19791,"self":0.15366169999999998,"total":0.15366169999999998,"children":null},"WriteActionMask":{"count":19791,"self":0.038500599999999996,"total":0.038500599999999996,"children":null},"RequestDecision":{"count":19791,"self":0.16991309999999998,"total":0.6115484,"children":{"AgentInfo.ToProto":{"count":19791,"self":0.1974138,"total":0.44163529999999995,"children":{"GenerateSensorData":{"count":19791,"self":0.24422149999999998,"total":0.24422149999999998,"children":null}}}}}}},"DecideAction":{"count":98951,"self":136.34723839999998,"total":136.3472425,"children":null},"AgentAct":{"count":98951,"self":0.8752245,"total":0.8920747,"children":{"AgentInfo.ToProto":{"count":671,"self":0.0059365999999999993,"total":0.0168502,"children":{"GenerateSensorData":{"count":671,"self":0.010913599999999999,"total":0.010913599999999999,"children":null}}}}}},"gauges":{"BallAgent.CumulativeReward":{"count":671,"max":2,"min":0,"runningAverage":0.271236867,"value":0,"weightedAverage":0.7089576}},"metadata":{"timer_format_version":"0.1.0","start_time_seconds":"1655216093","unity_version":"2021.3.4f1","command_line_arguments":"D:\\Program Files\\Unity\\2021.3.4f1\\Editor\\Unity.exe -createproject D:\\Unity Projects\\Racing ML Agents -cloneFromTemplate D:\\Program Files\\Unity\\2021.3.4f1\\Editor\\Data\\Resources\\PackageManager\\ProjectTemplates\\com.unity.template.3d-8.1.0.tgz -cloudOrganization undefined -cloudEnvironment production -useHub -hubIPC -hubSessionId b44aa900-ebe6-11ec-aef4-d5b3fe3caafd","communication_protocol_version":"1.5.0","com.unity.ml-agents_version":"2.0.1","scene_name":"BallAgentScene","end_time_seconds":"1655216283"}}